{
  "//1": "describes your app and its dependencies",
  "//2": "https://docs.npmjs.com/files/package.json",
  "//3": "updating this file will download and update your packages",
  "name": "hello-express",
  "version": "0.0.1",
  "description": "A simple Node app built on Express, instantly up and running.",
  "main": "index.js",
  "scripts": {
    "start": "node server.js"
  },
  "dependencies": {
    "express": "^4.17.1"
  },
  "engines": {
    "node": "12.x"
  },
  "repository": {
    "url": "https://glitch.com/edit/#!/hello-express"
  },
  "license": "MIT",
  "keywords": [
    "node",
    "glitch",
    "express"
  ]
}